REDsignal,IRsignal,synced
0.7249511718750000,0.4980308532714843,0
0.7453330993652344,0.4855224609375000,0
0.7453330993652344,0.5062185287475586,0
0.7384248733520508,0.4941919326782226,0
0.7322656631469726,0.5006647109985352,0
0.7348136901855469,0.5280246734619141,0
0.7348136901855469,0.5035274505615234,0
0.7428503036499023,0.4916982650756836,0
0.7428503036499023,0.4895044326782226,0
0.7414524078369140,0.4947898864746094,0
0.7469461441040038,0.4871732711791992,0
0.7311286926269531,0.5082401275634766,0
0.7361446380615234,0.4944259643554687,0
0.7515140533447265,0.4934555053710937,0
0.7441125869750976,0.5109460830688476,0
0.7422924041748047,0.4955543518066406,0
0.7316534042358398,0.4955543518066406,0
0.7476465225219726,0.4880235671997070,0
0.7625146865844726,0.4880235671997070,0
0.7398674011230468,0.5018835067749023,0
0.7331754684448242,0.5018835067749023,0
0.7352399826049805,0.4924020767211914,0
0.7492830276489257,0.4924020767211914,0
0.7406787872314453,0.5052429199218750,0
0.7159538269042969,0.5052429199218750,0
0.7348686218261719,0.4842081069946289,0
0.7212581634521484,0.4842081069946289,0
0.7352743148803711,0.4697256088256836,0
0.7464294433593750,0.4697256088256836,0
0.7220397949218750,0.4776334762573242,0
0.7135070800781250,0.4776334762573242,0
0.7147069931030273,0.4653768539428711,0
0.7278110504150390,0.4653768539428711,0
0.7194683074951171,0.4783979415893554,0
0.6963666915893555,0.4783979415893554,0
0.7159143447875976,0.4614475250244141,0
0.7047798156738281,0.4614475250244141,0
0.7202980041503906,0.4525159835815429,0
0.7340721130371094,0.4525159835815429,0
0.7116582870483398,0.4661087036132812,0
0.7058813095092773,0.4661087036132812,0
0.7083011627197265,0.4582082748413085,0
0.7229879379272460,0.4582082748413085,0
0.7154193878173828,0.4736680984497070,0
0.6937791824340820,0.4736680984497070,0
0.7134733200073242,0.4586580276489258,0
0.7029968261718750,0.4586580276489258,0
0.7184652328491211,0.4496303558349609,0
0.7327497482299804,0.4496303558349609,0
0.7103742599487305,0.4642410278320312,0
0.7053039550781249,0.4642410278320312,0
0.7075784683227538,0.4572961807250976,0
0.7211339950561523,0.4572961807250976,0
0.7143419265747070,0.4720991134643555,0
0.6993724822998046,0.4720991134643555,0
0.7127391815185546,0.4575599670410156,0
0.7020996093749999,0.4575599670410156,0
0.7172458648681640,0.4490781784057617,0
0.7309598922729492,0.4490781784057617,0
0.7092298507690430,0.4629455566406250,0
0.7043581008911133,0.4629455566406250,0
0.7066320419311524,0.4560985565185547,0
0.7202516555786133,0.4560985565185547,0
0.7134756088256836,0.4708797454833984,0
0.6933712005615235,0.4708797454833984,0
0.7118728637695312,0.4568727493286133,0
0.7016223907470703,0.4568727493286133,0
0.7168624877929687,0.4485488891601562,0
0.7304569244384765,0.4485488891601562,0
0.7091680526733398,0.4629558563232422,0
0.7046327590942383,0.4629558563232422,0
0.7072843551635742,0.4569128036499023,0
0.7214298248291016,0.4569128036499023,0
0.7146852493286132,0.4724996566772461,0
0.6951644897460937,0.4757366180419922,0
0.7134910583496094,0.4596530914306640,0
0.7038591384887695,0.4596530914306640,0
0.7195003509521484,0.4517749786376953,0
0.7330369949340820,0.4517749786376953,0
0.7120719909667969,0.4668834686279297,0
0.7078542709350586,0.4668834686279297,0
0.7105087280273438,0.4610532760620117,0
0.7248189926147460,0.4610532760620117,0
0.7179468154907226,0.4765302658081054,0
0.6984752655029297,0.4765302658081054,0
0.7164562225341796,0.4635932922363281,0
0.7066526412963867,0.4635932922363281,0
0.7223070144653320,0.4547670364379883,0
0.7350025177001953,0.4547670364379883,0
0.7141897201538085,0.4693874359130859,0
0.7096990585327149,0.4693874359130859,0
0.7122653961181641,0.4630325317382812,0
0.7264554977416992,0.4630325317382812,0
0.7194608688354492,0.4781192779541015,0
0.7059276580810546,0.4781192779541015,0
0.7175914764404296,0.4653974533081054,0
0.7080934524536132,0.4653974533081054,0
0.7237815856933594,0.4563846588134766,0
0.7362052917480468,0.4563846588134766,0
0.7155658721923828,0.4712442398071289,0
0.7113109588623047,0.4712442398071289,0
0.7139345169067383,0.4652406692504882,0
0.7285943984985351,0.4652406692504882,0
0.7214521408081055,0.4807468414306640,0
0.7021299362182617,0.4807468414306640,0
0.7195558547973633,0.4685852050781250,0
0.7104080200195312,0.4685852050781250,0
0.7262809753417968,0.4592983245849609,0
0.7383602142333984,0.4592983245849609,0
0.7179227828979492,0.4746082305908203,0
0.7136947631835937,0.4746082305908203,0
0.7165477752685546,0.4687070846557617,0
0.7315824508666992,0.4687070846557617,0
0.7241518020629882,0.4845022201538086,0
0.7043540954589843,0.4845022201538086,0
0.7218395233154297,0.4724916458129882,0
0.7129394531250000,0.4724916458129882,0
0.7293027877807617,0.4625432968139648,0
0.7408893585205077,0.4625432968139648,0
0.7203329086303710,0.4780591964721679,0
0.7157981872558593,0.4780591964721679,0
0.7186408996582031,0.4713621139526367,0
0.7350282669067383,0.4713621139526367,0
0.7265539169311523,0.4875978469848632,0
0.7062383651733398,0.4875978469848632,0
0.7236082077026367,0.4755197525024414,0
0.7147344589233399,0.4755197525024414,0
0.7314708709716796,0.4649082183837890,0
0.7427753448486328,0.4649082183837890,0
0.7222309112548828,0.4807130813598632,0
0.7176750183105468,0.4807130813598632,0
0.7205812454223632,0.4739725112915039,0
0.7373147964477539,0.4739725112915039,0
0.7286911010742188,0.4904056549072265,0
0.7083749771118164,0.4904056549072265,0
0.7257081985473632,0.4787492752075195,0
0.7170536041259765,0.4787492752075195,0
0.7340080261230468,0.4678676605224609,0
0.7450630187988281,0.4678676605224609,0
0.7246021270751953,0.4839780807495117,0
0.7200227737426758,0.4839780807495117,0
0.7232757568359375,0.4774246215820312,0
0.7401655197143554,0.4774246215820312,0
0.7315149307250977,0.4942417144775391,0
0.7113292694091796,0.4942417144775391,0
0.7287729263305663,0.4830894470214844,0
0.7203128814697265,0.4830894470214844,0
0.7376312255859375,0.4722318649291992,0
0.7486770629882812,0.4722318649291992,0
0.7281732559204102,0.4891256332397461,0
0.7237907409667969,0.4891256332397461,0
0.7271558761596679,0.4828748703002930,0
0.7444547653198242,0.4828748703002930,0
0.7359518051147461,0.4999723434448242,0
0.7157775878906250,0.4999723434448242,0
0.7245271682739257,0.4890741348266601,0
0.7360731124877929,0.4890741348266601,0
0.7418312072753906,0.4774532318115234,0
0.7526247024536132,0.4774532318115234,0
0.7318983078002930,0.4940265655517578,0
0.7273452758789062,0.4940265655517578,0
0.7305233001708984,0.4871103286743164,0
0.7477169036865234,0.4871103286743164,0
0.7387498855590821,0.5034376144409179,0
0.7183410644531250,0.5034376144409179,0
0.7352771759033203,0.4920919418334961,0
0.7263679504394531,0.4920919418334961,0
0.7436685562133789,0.4794296264648437,0
0.7535831451416015,0.4794296264648437,0
0.7328229904174804,0.4953535079956055,0
0.7280530929565430,0.4953535079956055,0
0.7310749053955078,0.4878896713256836,0
0.7483818054199218,0.4878896713256836,0
0.7390937805175781,0.5037528991699218,0
0.7184783935546875,0.5037528991699218,0
0.7352422714233399,0.4924049377441406,0
0.7381090164184571,0.4924049377441406,0
0.7381090164184571,0.4792030334472656,0
0.7261505126953125,0.4792030334472656,0
0.7328556060791015,0.4954456329345703,0
0.7282133102416992,0.4954456329345703,0
0.7313592910766601,0.4883726119995117,0
0.7488967895507812,0.4883726119995117,0
0.7396762847900390,0.5046718597412109,0
0.7194717407226562,0.5046718597412109,0
0.7362384796142578,0.4942216873168945,0
0.7276811599731445,0.4942216873168945,0
0.7454057693481445,0.4813859939575195,0
0.7549610137939453,0.4813859939575195,0
0.7345527648925781,0.4981779098510742,0
0.7303041458129883,0.4981779098510742,0
0.7334569931030274,0.4915466308593750,0
0.7516427993774414,0.4915466308593750,0
0.7422105789184570,0.5081829071044922,0
0.7223985671997070,0.5081829071044922,0
0.7388139724731445,0.4981721878051757,0
0.7307287216186523,0.4981721878051757,0
0.7484619140625000,0.4851436614990234,0
0.7578077316284180,0.4851436614990234,0
0.7372301101684570,0.5020208358764648,0
0.7329511642456055,0.5020208358764648,0
0.7360239028930664,0.4950954437255859,0
0.7542440414428710,0.4950954437255859,0
0.7447774887084960,0.5114301681518555,0
0.7248613357543945,0.5114301681518555,0
0.7407754898071289,0.5013525009155273,0
0.7503730773925781,0.4872144699096679,0
0.7588319778442383,0.4872144699096679,0
0.7382274627685547,0.5033683776855469,0
0.7332807540893554,0.5033683776855469,0
0.7362567901611328,0.4951183319091796,0
0.7536746978759765,0.4951183319091796,0
0.7435787200927734,0.5093044281005860,0
0.7225112915039062,0.5093044281005860,0
0.7375825881958008,0.4965917587280273,0
0.7274414062500000,0.4965917587280273,0
0.7445554733276367,0.4779733657836914,0
0.7244224548339844,0.4779733657836914,0
0.7285875320434571,0.4896125793457031,0
0.7214681625366210,0.4896125793457031,0
0.7232900619506836,0.4773731231689453,0
0.7393684387207031,0.4773731231689453,0
0.7284954071044921,0.4892034530639648,0
0.7071086883544921,0.4892034530639648,0
0.7217599868774414,0.4769027709960937,0
0.7126281738281249,0.4769027709960937,0
0.7380094528198242,0.4604204177856445,0
0.7113653182983398,0.4763557434082031,0
0.7189075469970703,0.4684822082519531,0
0.7204570770263672,0.4862834930419921,0
0.7201818466186524,0.4756834030151367,0
0.7309427261352539,0.4602653503417968,0
0.7248876571655273,0.4615350723266601,0
0.7169374465942383,0.4819650650024414,0
0.7259233474731445,0.4716636657714843,0
0.7217136383056640,0.4795125961303711,0
0.7328641891479492,0.4632270812988281,0
0.7199529647827149,0.4804859161376953,0
0.7390829086303711,0.4741865158081054,0
0.7219184875488281,0.4941810607910156,0
0.7265401840209961,0.4874662399291992,0
0.7393152236938476,0.4941753387451172,0
0.7272548675537109,0.4957592010498046,0
0.7270517349243164,0.4964326858520507,0
0.7370939254760742,0.5014549255371094,0
0.7256669998168945,0.4942749023437500,0
0.7521257400512695,0.4783618927001953,0
0.7266168594360352,0.4951555252075195,0
0.7456941604614258,0.4983993530273437,0
0.7386651992797851,0.4881814956665039,0
0.7335737228393554,0.4950433731079101,0
0.7452638626098632,0.4777782440185547,0
0.7258489608764648,0.5207948684692383,0
0.7449222564697265,0.4857250213623047,0
0.7306245803833008,0.4873094558715820,0
0.7380867004394531,0.4945821762084961,0
0.7249929428100585,0.4987352371215820,0
0.7318387985229492,0.4994625091552734,0
0.7496011734008788,0.4888727188110351,0
0.7197607040405273,0.4893424987792969,0
0.7269762039184570,0.4966827392578125,0
0.7267822265625000,0.5150070190429688,0
0.7323486328125000,0.5020883560180663,0
0.7480985641479492,0.5010492324829101,0
0.7409534454345703,0.4920919418334961,0
0.7361366271972656,0.4991615295410156,0
0.7556116104125976,0.5033082962036133,0
0.7410770416259765,0.5027452468872070,0
0.7431524276733398,0.4958078384399414,0
0.7292163848876952,0.5039451599121093,0
0.7348926544189452,0.5059352874755859,0
0.7503805160522461,0.5035972595214844,0
0.7433853149414062,0.5086040496826172,0
0.7372695922851562,0.5024877548217773,0
0.7298217773437500,0.5211885452270507,0
0.7338632583618164,0.4842744827270508,0
0.7348102569580078,0.5289281845092774,0
0.7440233230590820,0.5042959213256836,0
0.7378492355346680,0.5035377502441406,0
0.7449228286743164,0.4971965789794922,0
0.7304958343505860,0.5219964981079102,0
0.7433584213256835,0.5075368881225586,0
0.7397140502929688,0.5048818588256836,0
0.7445989608764648,0.4964859008789062,0
0.7383241653442383,0.5044824600219726,0
0.7526704788208007,0.4858743667602539,0
0.7320510864257812,0.5031360626220703,0
0.7370607376098632,0.4951595306396484,0
0.7525011062622070,0.5101381301879883,0
0.7399120330810547,0.4976823806762695,0
0.7461330413818359,0.5044818878173828,0
0.7345270156860352,0.5071552276611327,0
0.7373748779296875,0.5086435317993164,0
0.7346111297607422,0.5062545776367188,0
0.7455739974975586,0.4987020492553711,0
0.7400945663452149,0.5065338134765625,0
0.7590826034545898,0.4876264572143554,0
0.7330827713012695,0.5044092178344727,0
0.7374767303466797,0.5086624145507812,0
0.7528541564941406,0.5054231643676758,0
0.7682092666625976,0.4967170715332031,0
0.7379625320434570,0.5005004882812499,0
0.7527214050292969,0.4812000274658203,0
0.7238685607910156,0.4939006805419922,0
0.7402811050415039,0.4877288818359375,0
0.7306880950927734,0.4758853912353516,0
0.7213022232055664,0.4817098617553711,0
0.7318405151367188,0.4594659805297852,0
0.7146257400512696,0.4743055343627929,0
0.7209251403808593,0.4653482437133789,0
0.7289371490478516,0.4743083953857422,0
0.7175457000732421,0.4672199249267578,0
0.7224729537963867,0.4733665466308594,0
0.7285451889038086,0.4751787185668945,0
0.7127729415893554,0.4724527359008789,0
0.7323011398315430,0.4642004013061523,0
0.7177270889282227,0.4785753250122070,0
0.7460866928100586,0.4680084228515625,0
0.7113515853881835,0.4730604171752930,0
0.7125143051147461,0.4611093521118164,0
0.7086736679077148,0.4636585235595703,0
0.7280611038208008,0.4773376464843750,0
0.7180263519287109,0.4781599044799805,0
0.7227384567260742,0.4685903549194336,0
0.7090003967285156,0.4757492065429687,0
0.7137645721435547,0.4794296264648437,0
0.7106443405151367,0.4997709274291992,0
0.7241706848144531,0.4823741912841797,0
0.7147539138793945,0.4827186584472656,0
0.7183719635009765,0.4646375656127930,0
0.7192668914794922,0.4688364028930664,0
0.7177539825439453,0.5090950012207031,0
0.7314073562622070,0.4816114425659179,0
0.7257202148437499,0.4888561248779297,0
0.7409082412719726,0.4713169097900390,0
0.7250844955444335,0.4772266387939453,0
0.7250844955444335,0.4931459426879883,0
0.7205028533935547,0.5121088027954102,0
0.7205028533935547,0.4885288238525390,0
0.7334066390991211,0.4810295104980469,0
0.7334066390991211,0.4830791473388671,0
0.7266540527343750,0.4936883926391601,0
0.7266540527343750,0.4897756576538086,0
0.7416086196899414,0.4686029434204101,0
0.7210922241210938,0.4904623031616211,0
0.7255428314208984,0.4904623031616211,0
0.7326175689697265,0.4939607620239257,0
0.7207294464111328,0.4939607620239257,0
0.7416343688964844,0.4892652511596680,0
0.7343502044677734,0.4892652511596680,0
0.7332721710205078,0.4846149444580078,0
0.7276788711547851,0.4846149444580078,0
0.7373760223388671,0.4918710708618164,0
0.7433961868286133,0.4918710708618164,0
0.7229707717895507,0.4929273605346680,0
0.7276176452636719,0.4929273605346680,0
0.7347427368164062,0.4970129013061523,0
0.7227550506591797,0.4970129013061523,0
0.7440559387207031,0.4924358367919922,0
0.7369176864624023,0.4856672286987305,0
0.7187072753906250,0.4882375717163085,0
0.7303459167480468,0.4987976074218750,0
0.7263645172119141,0.4959428787231445,0
0.7465507507324218,0.4793163299560547,0
0.7496801376342773,0.4963788986206055,0
0.7307453155517578,0.4848014831542968,0
0.7263072967529297,0.5016963958740234,0
0.7253952026367188,0.5196498870849610,0
0.7253952026367188,0.4961128234863281,0
0.7399543762207031,0.4889642715454101,0
0.7399543762207031,0.4918212890625000,0
0.7323183059692383,0.5058534622192382,0
0.7431770324707031,0.4997034072875977,0
0.7493185043334961,0.4997034072875977,0
0.7280330657958984,0.4992364883422851,0
0.7330953598022460,0.4992364883422851,0
0.7401638031005859,0.5045597076416015,0
0.7271238327026367,0.5045597076416015,0
0.7486976623535156,0.4983581542968750,0
0.7418615341186523,0.4912908554077148,0
0.7223928451538085,0.4941478729248047,0
0.7339445114135742,0.5051897048950195,0
0.7327222824096680,0.5019315719604492,0
0.7510282516479492,0.4848426818847656,0
0.7355278015136718,0.5010309219360352,0
0.7348188400268555,0.4895708084106445,0
0.7348188400268555,0.5063335418701171,0
0.7282876968383789,0.5237285614013671,0
0.7282876968383789,0.4998264312744141,0
0.7431009292602538,0.4998264312744141,0
0.7433738708496094,0.4957901000976562,0
0.7351295471191406,0.4957901000976562,0
0.7463041305541992,0.5035640716552734,0
0.7523157119750976,0.5035640716552734,0
0.7309782028198242,0.5024946212768554,0
0.7360582351684570,0.5024946212768554,0
0.7427667617797852,0.5079128265380859,0
0.7290990829467773,0.5079128265380859,0
0.7510665893554688,0.5009468078613281,0
0.7441709518432617,0.5009468078613281,0
0.7441709518432617,0.4972263336181640,0
0.7359867095947266,0.5123519897460938,0
0.7359867095947266,0.5050163269042969,0
0.7532947540283202,0.4820531845092773,0
0.7532947540283202,0.5036951065063476,0
0.7372695922851562,0.5036951065063476,0
0.7437480926513672,0.5092294692993163,0
0.7298171997070312,0.5092294692993163,0
0.7519088745117187,0.5018222808837890,0
0.7449651718139648,0.5018222808837890,0
0.7735279083251952,0.4981790542602539,0
0.7481815338134765,0.5057510375976563,0
0.7538343429565429,0.5057510375976563,0
0.7325386047363281,0.5038747787475586,0
0.7375070571899414,0.5038747787475586,0
0.7435850143432617,0.5088129043579102,0
0.7288621902465821,0.5088129043579102,0
0.7506385803222656,0.4995580673217773,0
0.7430253982543945,0.4995580673217773,0
0.7692260742187500,0.4937622070312500,0
0.7325769424438476,0.5071975708007812,0
0.7325769424438476,0.4978912353515625,0
0.7470193862915039,0.4720035552978515,0
0.7470193862915039,0.4913509368896484,0
0.7274374008178711,0.4913509368896484,0
0.7316659927368164,0.4919792175292969,0
0.7151155471801758,0.4919792175292969,0
0.7354122161865234,0.4790622711181640,0
0.7269590377807617,0.4790622711181640,0
0.7262723922729492,0.4719738006591797,0
0.7156660079956054,0.4719738006591797,0
0.7265853881835938,0.4772415161132812,0
0.7314622879028320,0.4772415161132812,0
0.7100091934204101,0.4738637924194335,0
0.7148363113403320,0.4738637924194335,0
0.7205549240112304,0.4792785644531250,0
0.7057514190673828,0.4792785644531250,0
0.7280748367309570,0.4706377029418945,0
0.7212724685668945,0.4706377029418945,0
0.7224208831787109,0.4675306320190429,0
0.7128730773925781,0.4836444854736328,0
0.7125411987304687,0.4751958847045898,0
0.7300626754760742,0.4529668807983398,0
0.7300626754760742,0.4734626770019531,0
0.7147081375122070,0.4622051239013671,0
0.7147081375122070,0.4789775848388672,0
0.7058687210083008,0.4939653396606445,0
0.7058687210083008,0.4707000732421875,0
0.7212724685668945,0.4649271011352539,0
0.7212724685668945,0.4679941177368164,0
0.7132970809936523,0.4832061767578125,0
0.7248355865478515,0.4752571105957031,0
0.7300506591796875,0.4752571105957031,0
0.7101728439331054,0.4733076095581055,0
0.7150966644287109,0.4733076095581055,0
0.7204216003417968,0.4792179107666015,0
0.7060873031616210,0.4792179107666015,0
0.7286933898925781,0.4712659835815429,0
0.7218229293823242,0.4712659835815429,0
0.7233678817749023,0.4692729949951172,0
0.7146961212158203,0.4847276687622070,0
0.7264875411987305,0.4776168823242187,0
0.7321346282958984,0.4631458282470703,0
0.7351009368896484,0.4773782730102539,0
0.7185676574707031,0.4672170639038086,0
0.7150411605834961,0.4850320816040039,0
0.7105344772338867,0.5007402420043945,0
0.7105344772338867,0.4788682937622070,0
0.7280153274536133,0.4748193740844726,0
0.7280153274536133,0.4789649963378906,0
0.7222583770751952,0.4957397460937500,0
0.7222583770751952,0.4886913299560547,0
0.7404573440551757,0.4683780670166016,0
0.7404573440551757,0.4887937545776367,0
0.7275112152099609,0.4787120819091797,0
0.7331508636474610,0.4963863372802734,0
0.7186260223388672,0.4963863372802734,0
0.7418066024780273,0.4885786056518555,0
0.7352651596069336,0.4885786056518555,0
0.7372673034667968,0.4870422363281250,0
0.7280296325683594,0.4870422363281250,0
0.7397134780883788,0.4947830200195312,0
0.7449445724487305,0.4947830200195312,0
0.7258649826049804,0.4928672790527344,0
0.7309759140014648,0.4928672790527344,0
0.7357229232788086,0.4994613647460937,0
0.7206121444702148,0.4994613647460937,0
0.7435867309570312,0.4905527114868164,0
0.7366573333740234,0.4905527114868164,0
0.7386909484863281,0.4885746002197265,0
0.7291202545166016,0.4885746002197265,0
0.7407777786254882,0.4961906433105469,0
0.7459625244140625,0.4961906433105469,0
0.7270191192626952,0.4941781997680664,0
0.7323331832885742,0.4941781997680664,0
0.7370018005371094,0.5011882781982422,0
0.7218206405639648,0.5011882781982422,0
0.7448020935058594,0.4923145294189453,0
0.7381124496459961,0.4923145294189453,0
0.7404041290283203,0.4906728744506836,0
0.7306148529052734,0.4906728744506836,0
0.7425092697143555,0.4985401153564453,0
0.7477649688720703,0.4847665786743164,0
0.7340223312377929,0.5038576126098633,0
0.7233180999755859,0.4872688293457031,0
0.7398473739624023,0.5005262374877929,0
0.7322496414184571,0.5067209243774414,0
0.7442676544189453,0.5067209243774414,0
0.7494701385498047,0.4873220443725585,0
0.7304912567138672,0.4873220443725585,0
0.7362007141113281,0.5003946304321288,0
0.7406227111816406,0.5003946304321288,0
0.7245820999145508,0.4891164779663086,0
0.7478525161743164,0.4891164779663086,0
0.7412309646606445,0.5023778915405274,0
0.7438985824584960,0.5023778915405274,0
0.7334941864013672,0.5087093353271485,0
0.7456254959106445,0.4980440139770508,0
0.7456254959106445,0.4893642425537109,0
0.7320848464965820,0.5229864120483398,0
0.7320848464965820,0.5020694732666016,0
0.7416309356689453,0.4890237808227539,0
0.7416309356689453,0.4907918930053711,0
0.7487239837646484,0.4917108535766601,0
0.7487239837646484,0.5038026809692383,0
0.7449817657470703,0.5012151718139648,0
0.7449817657470703,0.5101163864135742,0
0.7464786529541015,0.4996055603027343,0
0.7513166427612304,0.4910842895507812,0
0.7332326889038085,0.4910842895507812,0
0.7387269973754883,0.5031383514404296,0
0.7423942565917968,0.5031383514404296,0
0.7263359069824219,0.4918218612670898,0
0.7492372512817382,0.4918218612670898,0
0.7429058074951171,0.5045957565307617,0
0.7457862854003906,0.5045957565307617,0
0.7338346481323242,0.5107343673706054,0
0.7467939376831054,0.4999980926513672,0
0.7528867721557617,0.4917085647583008,0
0.7334009170532226,0.5005216598510742,0
0.7416893005371094,0.5025243759155273,0
0.7416893005371094,0.5076553344726562,0
0.7470954895019531,0.4953649520874023,0
0.7326873779296875,0.4953649520874023,0
0.7420263290405273,0.4910207748413086,0
0.7651737213134765,0.4910207748413086,0
0.7404682159423828,0.4951944351196289,0
0.7273258209228516,0.4951944351196289,0
0.7244167327880859,0.4875823974609375,0
0.7277561187744140,0.4875823974609375,0
0.7301124572753906,0.4918876647949219,0
0.7118013381958007,0.4918876647949219,0
0.7337036132812500,0.4774915695190429,0
0.7187868118286133,0.4774915695190429,0
0.7286579132080078,0.4734643936157226,0
0.7523305892944335,0.4734643936157226,0
0.7280851364135742,0.4798267364501953,0
0.7162960052490234,0.4798267364501953,0
0.7144706726074218,0.4756696701049805,0
0.7198637008666992,0.4756696701049805,0
0.7232122421264648,0.4842304229736328,0
0.7063951492309570,0.4842304229736328,0
0.7296781539916992,0.4732034683227539,0
0.7161575317382812,0.4732034683227539,0
0.7273447036743164,0.4720699310302734,0
0.7523294448852539,0.4720699310302734,0
0.7283185958862305,0.4805763244628906,0
0.7171428680419921,0.4805763244628906,0
0.7158725738525390,0.4774618148803711,0
0.7217021942138672,0.4774618148803711,0
0.7250844955444335,0.4870193481445312,0
0.7083515167236328,0.4870193481445312,0
0.7317993164062500,0.4762802124023438,0
0.7187393188476562,0.4762802124023438,0
0.7302938461303711,0.4759958267211914,0
0.7551830291748046,0.4759958267211914,0
0.7315790176391601,0.4853038787841797,0
0.7211133956909179,0.4853038787841797,0
0.7201503753662110,0.4833080291748046,0
0.7267850875854492,0.4833080291748046,0
0.7302961349487305,0.4943996429443359,0
0.7140895843505859,0.4943996429443359,0
0.7378406524658203,0.4846687316894531,0
0.7254375457763672,0.4846687316894531,0
0.7373542785644531,0.4854097366333008,0
0.7622978210449218,0.4854097366333008,0
0.7388980865478515,0.4949850082397461,0
0.7284381866455077,0.4949850082397461,0
0.7275020599365234,0.4923717498779296,0
0.7337167739868163,0.4923717498779296,0
0.7366830825805664,0.5025764465332031,0
0.7195117950439452,0.5025764465332031,0
0.7428726196289063,0.4910356521606445,0
0.7295568466186523,0.4910356521606445,0
0.7415840148925781,0.4901344299316406,0
0.7654472351074219,0.4901344299316406,0
0.7417579650878906,0.4985464096069336,0
0.7307819366455078,0.4985464096069336,0
0.7357870101928711,0.4947521209716796,0
0.7361131668090820,0.4947521209716796,0
0.7381593704223632,0.5045665740966797,0
0.7205738067626953,0.5045665740966797,0
0.7437606811523437,0.4922739028930664,0
0.7303390502929688,0.4922739028930664,0
0.7426483154296875,0.4910167694091797,0
0.7666912078857422,0.4910167694091797,0
0.7424995422363281,0.4997222900390625,0
0.7315057754516602,0.4997222900390625,0
0.7304586410522461,0.4956350326538086,0
0.7370029449462890,0.4956350326538086,0
0.7391693115234375,0.5066528320312500,0
0.7198534011840820,0.5066528320312500,0
0.7442613601684570,0.4933725357055664,0
0.7308036804199218,0.4933725357055664,0
0.7441303253173828,0.4920335769653320,0
0.7311063766479492,0.4920335769653320,0
0.7435855865478516,0.5011716842651367,0
0.7324356079101563,0.5011716842651367,0
0.7315229415893555,0.4971834182739258,0
0.7381862640380860,0.4971834182739258,0
0.7403074264526367,0.5079248428344726,0
0.7221382141113281,0.5079248428344726,0
0.7455539703369141,0.4948740005493164,0
0.7320356369018555,0.4948740005493164,0
0.7446727752685547,0.4938228607177734,0
0.7684621810913086,0.4938228607177734,0
0.7444622039794921,0.5027509689331054,0
0.7339101791381836,0.5027509689331054,0
0.7331245422363281,0.4988782882690430,0
0.7396591186523437,0.4988782882690430,0
0.7414564132690430,0.5097450256347656,0
0.7233484268188476,0.5097450256347656,0
0.7465553283691406,0.4964384078979492,0
0.7332092285156250,0.4964384078979492,0
0.7457450866699219,0.4954227447509765,0
0.7690687179565430,0.4954227447509765,0
0.7453594207763672,0.5042593002319335,0
0.7349618911743164,0.5042593002319335,0
0.7343364715576172,0.5001005172729492,0
0.7409471511840821,0.5001005172729492,0
0.7425819396972656,0.5113031387329101,0
0.7242599487304687,0.5113031387329101,0
0.7472105026245117,0.4976303100585937,0
0.7339078903198242,0.4976303100585937,0
0.7468139648437500,0.4964281082153320,0
0.7697914123535156,0.4964281082153320,0
0.7460855484008789,0.5053127288818359,0
0.7358098983764648,0.5053127288818359,0
0.7351369857788086,0.5010366439819336,0
0.7420000076293946,0.5010366439819336,0
0.7432022094726562,0.5124961853027343,0
0.7246965408325196,0.5124961853027343,0
0.7477329254150390,0.4982751846313476,0
0.7343393325805664,0.4982751846313476,0
0.7474903106689453,0.4969551086425781,0
0.7705884933471679,0.4969551086425781,0
0.7465553283691406,0.5061080932617187,0
0.7361818313598633,0.5061080932617187,0
0.7353395462036133,0.5009771347045898,0
0.7443042755126953,0.5009771347045898,0
0.7439775466918945,0.5140771865844727,0
0.7258014678955078,0.5140771865844727,0
0.7476236343383789,0.4988817214965820,0
0.7341482162475585,0.4988817214965820,0
0.7485952377319336,0.4972114562988281,0
0.7716819763183593,0.4972114562988281,0
0.7470520019531249,0.5071763992309570,0
0.7360536575317382,0.5071763992309570,0
0.7361406326293946,0.5022508621215820,0
0.7437137603759766,0.5022508621215820,0
0.7443288803100586,0.5145097732543945,0
0.7252939224243163,0.5145097732543945,0
0.7483457565307617,0.4996398925781250,0
0.7347370147705078,0.4996398925781250,0
0.7484001159667969,0.4981595993041992,0
0.7711612701416015,0.4981595993041992,0
0.7472694396972656,0.5076129913330077,0
0.7373336791992188,0.5076129913330077,0
0.7369462966918945,0.5028167724609375,0
0.7442235946655273,0.5028167724609375,0
0.7447740554809570,0.5151603698730468,0
0.7270545959472656,0.5219741821289062,0
0.7483366012573242,0.4999505996704101,0
0.7350534439086914,0.4999505996704101,0
0.7483766555786132,0.4979742050170898,0
0.7702760696411133,0.4979742050170898,0
0.7465438842773438,0.5064188003540039,0
0.7359952926635742,0.5064188003540039,0
0.7354001998901367,0.4998012542724609,0
0.7413614273071288,0.4998012542724609,0
0.7409517288208007,0.5092214584350586,0
0.7196422576904297,0.5092214584350586,0
0.7412115097045898,0.4898254394531250,0
0.7256423950195312,0.4898254394531250,0
0.7378812789916992,0.4827432632446289,0
0.7570558547973633,0.4827432632446289,0
0.7320430755615234,0.4866090774536133,0
0.7196943283081054,0.4866090774536133,0
0.7182598114013672,0.4767488479614257,0
0.7237930297851562,0.4767488479614257,0
0.7228425979614258,0.4861478805541992,0
0.7020738601684570,0.4861478805541992,0
0.7241706848144531,0.4685749053955078,0
0.7099943161010742,0.4685749053955078,0
0.7237775802612304,0.4654512405395508,0
0.7102186203002929,0.4823003768920898,0
0.7099233627319336,0.4744462966918945,0
0.7258604049682617,0.4684982299804688,0
0.7258604049682617,0.4684982299804688,0
0.7190809249877930,0.4746036529541016,0
0.7124885559082031,0.4746036529541016,0
0.7002376556396485,0.4599231719970703,0
0.7374200820922852,0.4599231719970703,0
0.7176458358764648,0.4722827911376953,0
0.6993215560913085,0.4722827911376953,0
0.7080539703369141,0.4801111221313477,0
0.7087171554565429,0.4801111221313477,0
0.7242136001586914,0.4666505813598633,0
0.7246421813964844,0.4666505813598633,0
0.7179445266723633,0.4728206634521484,0
0.7116605758666992,0.4728206634521484,0
0.7350500106811523,0.4588937759399414,0
0.7198894500732421,0.4613090515136719,0
0.7165014266967773,0.4707269668579102,0
0.6995521545410156,0.4707269668579102,0
0.7077856063842773,0.4790416717529297,0
0.7077827453613281,0.4790416717529297,0
0.7234685897827148,0.4665470123291016,0
0.7239995956420898,0.4665470123291016,0
0.7180664062500000,0.4728733062744140,0
0.7122344970703125,0.4728733062744140,0
0.6997375488281250,0.4598299026489258,0
0.7356605529785156,0.4598299026489258,0
0.7175537109375000,0.4723423004150391,0
0.7011898040771484,0.4723423004150391,0
0.7098300933837890,0.4819158554077148,0
0.7102386474609375,0.4819158554077148,0
0.7263725280761718,0.4712854385375976,0
0.7273607254028320,0.4712854385375976,0
0.7225645065307617,0.4791955947875977,0
0.7174272537231445,0.4791955947875977,0
0.7054790496826172,0.4677383422851562,0
0.7422998428344726,0.4677383422851562,0
0.7245185852050781,0.4817041397094726,0
0.7087377548217774,0.4817041397094726,0
0.7174077987670898,0.4922504425048828,0
0.7182844161987304,0.4922504425048828,0
0.7343015670776367,0.4821481704711914,0
0.7352268218994140,0.4821481704711914,0
0.7304454803466797,0.4892675399780273,0
0.7247245788574218,0.4892675399780273,0
0.7122922897338867,0.4766721725463867,0
0.7487955093383789,0.4766721725463867,0
0.7304660797119140,0.4892131805419921,0
0.7140340805053711,0.4892131805419921,0
0.7223356246948242,0.4984416961669922,0
0.7225301742553710,0.4984416961669922,0
0.7382875442504883,0.4871761322021484,0
0.7341848373413086,0.4824634552001953,0
0.7147642135620117,0.4826448440551758,0
0.7324150085449218,0.4823965072631836,0
0.7241798400878906,0.5008649826049805,0
0.7394960403442382,0.4900022506713867,0
0.7346906661987305,0.4852169036865234,0
0.7169511795043945,0.4873254776000976,0
0.7346328735351563,0.4853410720825195,0
0.7266677856445313,0.5039840698242187,0
0.7417551040649414,0.4936958312988281,0
0.7384288787841796,0.4992942810058594,0
0.7556505203247070,0.4860294342041016,0
0.7371019363403321,0.4884023666381836,0
0.7287506103515625,0.4999998092651367,0
0.7438076019287109,0.4968944549560547,0
0.7406982421875000,0.5021409988403320,0
0.7214595794677734,0.4884464263916015,0
0.7436359405517577,0.4903427124023437,0
0.7303768157958984,0.5019424438476562,0
0.7450641632080078,0.5041002273559571,0
0.7313043594360351,0.5108648300170898,0
0.7411857604980469,0.4920335769653320,0
0.7237718582153320,0.4916913986206055,0
0.7408321380615234,0.5030616760253906,0
0.7454984664916992,0.5117729187011718,0
0.7339073181152344,0.5306694030761718,0
0.7454481124877930,0.4984336853027344,0
0.7245655059814453,0.5173238754272461,0
0.7415771484375000,0.5040252685546874,0
0.7652166366577148,0.5127817153930664,0
0.7345230102539062,0.5319929122924805,0
0.7465255737304687,0.4993452072143554,0
0.7217147827148437,0.5139432907104492,0
0.7313289642333984,0.4979284286499023,0
0.7423364639282226,0.4941123962402343,0
0.7330444335937499,0.5137086868286133,0
0.7472871780395508,0.5045476913452148,0
0.7380180358886719,0.5080146789550781,0
0.7210950851440430,0.4949163436889648,0
0.7292976379394531,0.4961797714233398,0
0.7291654586791992,0.5127170562744140,0
0.7401031494140625,0.4945158004760742,0
0.7350551605224609,0.4925851821899414,0
0.7436765670776367,0.4726484298706055,0
0.7116079330444336,0.4671878814697266,0
0.7427696228027344,0.4659147262573242,0
0.7109521865844727,0.4757961273193359,0
0.7213376998901367,0.4677606582641601,0
0.7132781982421875,0.4850097656250000,0
0.7359100341796875,0.4611534118652343,0
0.7005397796630859,0.4714925765991211,0
0.7084287643432617,0.4721254348754882,0
0.7203317642211914,0.4652315139770508,0
0.7198659896850585,0.4741579055786133,0
0.6994211196899414,0.4595735549926758,0
0.7198968887329101,0.4599014282226562,0
0.7376890182495117,0.4659702301025390,0
0.7076454162597656,0.4709730148315430,0
0.7210390090942382,0.4641901016235351,0
0.6987636566162109,0.4830883026123047,0
0.7351770401000977,0.4625267028808593,0
0.7200845718383789,0.4599134445190429,0
0.7200651168823242,0.4719480514526367,0
0.7137805938720703,0.4762968063354492,0
0.7187118530273438,0.4631961822509765,0
0.7197057723999023,0.4681720733642578,0
0.7249580383300781,0.4649396896362304,0
0.7267129898071288,0.4805168151855468,0
0.7268342971801758,0.4730094909667968,0
0.7220558166503906,0.4865678787231445,0
0.7278310775756835,0.4789312362670898,0
0.7276433944702149,0.4746248245239257,0
0.7185436248779297,0.4959051132202148,0
0.7328184127807617,0.4892286300659179,0
0.7346094131469726,0.4929256439208984,0
0.7142229080200195,0.4791080474853515,0
0.7310445785522460,0.4899753570556640,0
0.7352903366088867,0.4777370452880859,0
0.7294561386108398,0.4916982650756836,0
0.7384346008300781,0.4850875854492187,0
0.7282264709472656,0.5012775421142578,0
0.7524118423461914,0.4813991546630859,0
0.7167720794677734,0.4925405502319335,0
0.7311378479003906,0.4889802932739258,0
0.7272697448730469,0.4876173019409180,0
0.7392997741699219,0.5051507949829102,0
0.7187902450561523,0.4846796035766601,0
0.7198951721191406,0.4963531494140625,0
0.7399990081787109,0.5055679321289063,0
0.7338220596313476,0.4984251022338867,0
0.7441526412963867,0.4919145584106445,0
0.7214738845825195,0.5117288589477539,0
0.7573333740234375,0.4929508209228515,0
0.7226760864257812,0.4992170333862305,0
0.7275283813476562,0.5079929351806640,0
0.7323680877685547,0.4941947937011719,0
0.7438276290893554,0.5100448608398437,0
0.7234600067138671,0.5133047103881836,0
0.7389352798461913,0.4910785675048828,0
0.7286647796630860,0.5096323013305664,0
0.7366790771484375,0.5032464981079101,0
0.7335577011108398,0.5062265396118164,0
0.7408292770385742,0.5115280151367188,0
0.7399177551269531,0.4924718856811523,0
0.7295248031616210,0.5177907943725586,0
0.7409751892089843,0.5316696166992188,0
0.7342918395996093,0.5075695037841796,0
0.7416572570800781,0.4959262847900390,0
0.7611585617065429,0.4934789657592773,0
0.7404132843017578,0.4974683761596679,0
0.7404132843017578,0.5036424636840821,0
0.7455282211303711,0.4910058975219727,0
0.7455282211303711,0.5120836257934570,0
0.7378824234008788,0.4991334915161132,0
0.7378824234008788,0.5058048248291015,0
0.7350025177001953,0.5329650878906250,0
0.7350025177001953,0.5086561203002929,0
0.7423736572265625,0.4970827102661133,0
0.7423736572265625,0.4946697235107422,0
0.7410718917846679,0.4986093521118164,0
0.7410718917846679,0.5046421051025390,0
0.7463167190551757,0.4918384552001953,0
0.7463167190551757,0.5129848480224609,0
0.7384786605834961,0.5000530242919922,0
0.7384786605834961,0.5069126129150391,0
0.7356073379516601,0.4986980438232422,0
0.7502288818359375,0.5095190048217774,0
0.7431684494018554,0.4981275558471679,0
0.7215677261352539,0.4956665039062500,0
0.7415102005004882,0.4998258590698242,0
0.7305450439453125,0.5054162979125977,0
0.7468156814575195,0.4916078567504882,0
0.7613531112670898,0.5134271621704102,0
0.7388643264770508,0.5063947677612305,0
0.7335565567016601,0.5076742172241211,0
0.7361944198608398,0.5341135025024414,0
0.7509578704833985,0.5102108001708984,0
0.7437887191772461,0.4987815856933593,0
0.7628688812255859,0.4965385437011718,0
0.7419382095336914,0.5004661560058593,0
0.7419382095336914,0.5061515808105469,0
0.7475366592407227,0.4927288055419922,0
0.7475366592407227,0.5142019271850585,0
0.7393117904663086,0.5011236190795898,0
0.7393117904663086,0.5085874557495117,0
0.7366556167602539,0.5350061416625976,0
0.7493144989013671,0.5110090255737304,0
0.7442070007324219,0.5162961959838867,0
0.7224826812744141,0.4973041534423828,0
0.7423484802246093,0.5018005371093750,0
0.7314874649047851,0.5069395065307617,0
0.7481420516967773,0.4925502777099609,0
0.7325180053710937,0.5148920059204102,0
0.7396081924438477,0.5078407287597656,0
0.7341041564941406,0.5095527648925781,0
0.7368787765502930,0.5005273818969727,0
0.7527402877807617,0.5118736267089844,0
0.7445840835571289,0.5170869827270508,0
0.7225090026855469,0.4976251602172851,0
0.7423479080200195,0.5017473220825195,0
0.7423479080200195,0.5069297790527344,0
0.7480596542358399,0.4925354003906250,0
0.7480596542358399,0.5138414382934570,0
0.7384866714477539,0.4995998382568359,0
0.7396894454956054,0.5066991806030273,0
0.7341482162475585,0.5315580368041992,0
0.7461387634277343,0.4916250228881835,0
0.7390348434448242,0.5086555480957031,0
0.7331211090087890,0.4892034530639648,0
0.7322273254394531,0.4892034530639648,0
0.7349018096923828,0.4732166290283203,0
0.7162364959716797,0.4732166290283203,0
0.7215110778808593,0.4829046249389648,0
0.7250581741333008,0.4829046249389648,0
0.7155046463012695,0.4715469360351562,0
0.7275524139404297,0.4715469360351562,0
0.7209194183349609,0.4852140426635742,0
0.7057233810424804,0.4852140426635742,0
0.7170375823974610,0.4698503494262695,0
0.7181076049804688,0.4698503494262695,0
0.7228019714355468,0.4587810516357422,0
0.7061428070068360,0.4587810516357422,0
0.7132587432861328,0.4734449386596680,0
0.7185710906982422,0.4734449386596680,0
0.7104784011840820,0.4656955718994140,0
0.7236448287963867,0.4656955718994140,0
0.6961761474609375,0.4815662384033203,0
0.7035066604614257,0.4834585189819336,0
0.7369411468505859,0.4673606872558593,0
0.7163286209106445,0.4715412139892578,0
0.7024143218994140,0.4565305709838867,0
0.7045320510864258,0.4869380950927734,0
0.7051912307739258,0.4715309143066406,0
0.7170747756958008,0.4537588119506836,0
0.7170747756958008,0.4637260437011719,0
0.7224998474121094,0.4617136001586914,0
0.7224998474121094,0.4800596237182617,0
0.7023370742797851,0.4820005416870117,0
0.7023370742797851,0.4661270141601562,0
0.7153175354003906,0.4661270141601562,0
0.7205463409423828,0.4549844741821289,0
0.7032491683959960,0.4549844741821289,0
0.7109081268310546,0.4710027694702148,0
0.7167291641235352,0.4710027694702148,0
0.7085855484008788,0.4635280609130859,0
0.7229124069213867,0.4635280609130859,0
0.7169088363647461,0.4808040618896484,0
0.7029756546020508,0.4808040618896484,0
0.7143402099609375,0.4680467605590820,0
0.7167234420776367,0.4680467605590820,0
0.7226068496704101,0.4578626632690430,0
0.7058841705322265,0.4578626632690430,0
0.7139505386352539,0.4753526687622070,0
0.7203317642211914,0.4753526687622070,0
0.7131225585937500,0.4698137283325195,0
0.7279867172241211,0.4698137283325195,0
0.7226377487182617,0.4883565902709961,0
0.7097539901733398,0.4883565902709961,0
0.7211551666259766,0.4773496627807617,0
0.7240505218505859,0.4773496627807617,0
0.7302572250366210,0.4679105758666992,0
0.7136856079101562,0.4679105758666992,0
0.7215162277221679,0.4854251861572265,0
0.7281108856201172,0.4854251861572265,0
0.7206333160400390,0.4793935775756836,0
0.7350683212280273,0.4793935775756836,0
0.7294200897216797,0.4967479705810547,0
0.7163652420043946,0.4967479705810547,0
0.7266065597534179,0.4846046447753906,0
0.7292598724365235,0.4846046447753906,0
0.7348892211914062,0.4733161926269531,0
0.7177145004272460,0.4733161926269531,0
0.7250988006591796,0.4895078659057617,0
0.7311017990112304,0.4895078659057617,0
0.7374475479125976,0.4941570281982421,0
0.7314336776733398,0.4814666748046875,0
0.7282922744750976,0.4868803024291992,0
0.7366092681884765,0.4754539489746094,0
0.7366092681884765,0.4753337860107422,0
0.7265991210937500,0.4850847244262695,0
0.7265991210937500,0.4920873641967773,0
0.7248968124389649,0.4851654052734375,0
0.7427764892578125,0.4972703933715820,0
0.7336309432983398,0.5025815963745117,0
0.7123895645141601,0.4848438262939453,0
0.7305622100830078,0.4903329849243164,0
0.7211448669433593,0.4944866180419922,0
0.7394428253173828,0.4789587020874023,0
0.7512159347534180,0.5021570205688476,0
0.7292123794555664,0.4888097763061523,0
0.7244476318359375,0.4996244430541992,0
0.7277961730957031,0.5255298614501953,0
0.7277961730957031,0.5013021469116211,0
0.7364982604980469,0.4903982162475586,0
0.7364982604980469,0.4889608383178711,0
0.7333127975463867,0.4943778991699219,0
0.7333127975463867,0.4982528686523438,0
0.7421533584594726,0.4827043533325195,0
0.7263668060302734,0.5054769515991211,0
0.7317695617675781,0.4922996520996094,0
0.7317695617675781,0.5027515411376953,0
0.7301290512084960,0.5281654357910156,0
0.7450223922729492,0.5039834976196289,0
0.7385953903198242,0.5039834976196289,0
0.7264348983764648,0.4916582107543945,0
0.7351987838745117,0.4916582107543945,0
0.7381673812866211,0.5005577087402343,0
0.7439626693725586,0.4846910476684570,0
0.7280044555664062,0.5073377609252929,0
0.7395830154418945,0.5048292160034179,0
0.7316665649414062,0.5048292160034179,0
0.7464048385620117,0.5058425903320313,0
0.7400241851806640,0.5058425903320313,0
0.7280868530273438,0.4934412002563476,0
0.7364719390869140,0.4934412002563476,0
0.7395286560058594,0.5022451400756835,0
0.7452850341796875,0.5022451400756835,0
0.7274339675903320,0.5088581085205078,0
0.7291826248168946,0.5088581085205078,0
0.7406587600708008,0.5065103530883789,0
0.7326147079467773,0.5065103530883789,0
0.7476665496826171,0.5072719573974609,0
0.7410678863525391,0.5072719573974609,0
0.7622966766357422,0.4951692581176758,0
0.7367168426513672,0.5013399124145508,0
0.7283569335937500,0.5037889480590820,0
0.7467601776123046,0.4857730865478516,0
0.7567691802978516,0.5097742080688477,0
0.7348943710327148,0.4961139678955078,0
0.7292598724365235,0.5083654403686523,0
0.7328435897827148,0.5337444305419922,0
0.7328435897827148,0.5086154937744141,0
0.7420658111572266,0.4967056274414062,0
0.7420658111572266,0.4956762313842773,0
0.7373937606811524,0.5029489517211914,0
0.7373937606811524,0.5049367904663086,0
0.7475795745849609,0.4868236541748047,0
0.7475795745849609,0.5107589721679687,0
0.7357870101928711,0.4968727111816406,0
0.7357870101928711,0.5089937210083008,0
0.7338701248168945,0.5341203689575195,0
0.7338701248168945,0.5095384597778320,0
0.7424783706665039,0.4983518600463867,0
0.7424783706665039,0.4970546722412109,0
0.7386022567749023,0.5029031753540039,0
0.7295179367065430,0.4888641357421875,0
0.7477912902832031,0.4889951705932617,0
0.7362064361572266,0.5057453155517578,0
0.7426105499267578,0.5057453155517578,0
0.7345487594604492,0.4983604431152344,0
0.7497373580932617,0.4983604431152344,0
0.7430322647094726,0.5148324966430664,0
0.7222795486450195,0.5148324966430664,0
0.7391595840454102,0.5036396026611328,0
0.7301971435546875,0.5036396026611328,0
0.7483932495117187,0.4898311614990234,0
0.7580051422119141,0.4898311614990234,0
0.7367551803588867,0.5065052032470703,0
0.7318548202514649,0.5065052032470703,0
0.7350774765014648,0.4990648269653320,0
0.7534400939941406,0.4990648269653320,0
0.7436811447143554,0.5155797958374023,0
0.7227733612060546,0.5155797958374023,0
0.7307092666625976,0.5046146392822265,0
0.7431455612182617,0.5046146392822265,0
0.7491868972778321,0.4903770446777344,0
0.7586923599243164,0.4903770446777344,0
0.7371637344360351,0.5073503494262696,0
0.7321077346801758,0.5073503494262696,0
0.7354511260986328,0.4989755630493164,0
0.7557563781738281,0.4989755630493164,0
0.7444381713867188,0.5167133331298828,0
0.7221662521362304,0.5167133331298828,0
0.7394611358642578,0.5053831100463867,0
0.7310056686401367,0.5053831100463867,0
0.7500246047973632,0.4902414321899414,0
0.7585870742797851,0.4902414321899414,0
0.7367328643798828,0.5068531036376953,0
0.7306268692016601,0.5068531036376953,0
0.7336864471435547,0.4968961715698242,0
0.7535528182983399,0.4968961715698242,0
0.7413877487182617,0.5119691848754883,0
0.7175674438476562,0.5119691848754883,0
0.7337619781494140,0.4971754074096679,0
0.7229312896728516,0.4971754074096679,0
0.7406541824340820,0.4771350860595703,0
0.7471532821655273,0.4771350860595703,0
0.7239040374755860,0.4885465621948242,0
0.7161306381225586,0.4885465621948242,0
0.7178689956665039,0.4754882812500000,0
0.7345367431640625,0.4754882812500000,0
0.7232259750366211,0.4880945205688476,0
0.7010816574096680,0.4880945205688476,0
0.7168991088867187,0.4750465393066406,0
0.7071641921997071,0.4750465393066406,0
0.7253654479980468,0.4586997985839844,0
0.7337625503540038,0.4586997985839844,0
0.7120914459228516,0.4746780395507812,0
0.7068294525146485,0.4746780395507812,0
0.7099737167358399,0.4663227081298828,0
0.7284868240356445,0.4663227081298828,0
0.7182832717895508,0.4822860717773437,0
0.6975322723388672,0.4822860717773437,0
0.7137096405029296,0.4716333389282226,0
0.7046253204345703,0.4716333389282226,0
0.7234903335571289,0.4561706542968750,0
0.7320625305175781,0.4561706542968750,0
0.7105190277099609,0.4727056503295898,0
0.7053085327148437,0.4727056503295898,0
0.7085254669189452,0.4645025253295898,0
0.7276393890380859,0.4645025253295898,0
0.7173545837402343,0.4810312271118164,0
0.6952434539794922,0.4810312271118164,0
0.7119094848632812,0.4702348709106445,0
0.7037881851196289,0.4702348709106445,0
0.7232168197631835,0.4543859481811523,0
0.7311859130859375,0.4543859481811523,0
0.7094575881958007,0.4717987060546875,0
0.7037778854370117,0.4717987060546875,0
0.7074245452880860,0.4631624221801758,0
0.7288501739501952,0.4631624221801758,0
0.7170867919921875,0.4810386657714844,0
0.6953962326049804,0.4810386657714844,0
0.7123323440551758,0.4712911605834961,0
0.7045532226562500,0.4712911605834961,0
0.7244190216064453,0.4565128326416015,0
0.7329809188842773,0.4565128326416015,0
0.7116147994995117,0.4751581192016601,0
0.7068283081054687,0.4751581192016601,0
0.7108257293701171,0.4683277130126953,0
0.7326587677001953,0.4683277130126953,0
0.7217428207397460,0.4873414993286133,0
0.7021551132202148,0.4873414993286133,0
0.7189933776855468,0.4795972824096679,0
0.7113967895507812,0.4795972824096679,0
0.7311161041259765,0.4661127090454101,0
0.7403589248657226,0.4661127090454101,0
0.7193595886230468,0.4848192214965820,0
0.7152271270751953,0.4848192214965820,0
0.7188354492187500,0.4786445617675781,0
0.7386903762817383,0.4786445617675781,0
0.7288078308105469,0.4961288452148437,0
0.7089151382446289,0.4961288452148437,0
0.7251371383666992,0.4874095916748047,0
0.7168470382690429,0.4874095916748047,0
0.7446424484252929,0.4725191116333007,0
0.7171691894531250,0.4725191116333007,0
0.7233690261840821,0.4897785186767578,0
0.7186403274536133,0.4897785186767578,0
0.7218761444091797,0.4824045181274414,0
0.7413963317871094,0.4824045181274414,0
0.7312208175659179,0.4989961624145507,0
0.7109270095825195,0.4989961624145507,0
0.7270082473754883,0.4897264480590820,0
0.7185384750366210,0.4897264480590820,0
0.7381290435791016,0.4743089675903320,0
0.7463132858276367,0.4743089675903320,0
0.7246313095092773,0.4919414520263672,0
0.7195753097534180,0.4919414520263672,0
0.7229862213134766,0.4838699340820312,0
0.7450664520263671,0.4838699340820312,0
0.7333007812500000,0.5020837783813477,0
0.7117761611938477,0.5020837783813477,0
0.7283374786376953,0.4931608200073242,0
0.7208559036254882,0.4931608200073242,0
0.7411874771118164,0.4776317596435546,0
0.7489551544189453,0.4776317596435546,0
0.7274082183837890,0.4959262847900390,0
0.7222749710083007,0.4959262847900390,0
0.7257854461669921,0.4879205703735351,0
0.7480264663696289,0.4879205703735351,0
0.7362419128417969,0.5060119628906250,0
0.7149124145507812,0.5060119628906250,0
0.7311864852905273,0.4973070144653320,0
0.7237186431884766,0.4973070144653320,0
0.7436319351196289,0.4814197540283203,0
0.7519168853759766,0.4814197540283203,0
0.7301570892333984,0.4992118835449219,0
0.7254575729370117,0.4992118835449219,0
0.7286945343017578,0.4919420242309570,0
0.7487113952636718,0.4919420242309570,0
0.7382411956787109,0.5084552764892578,0
0.7182643890380859,0.5084552764892578,0
0.7338798522949218,0.4998624801635742,0
0.7257991790771484,0.4998624801635742,0
0.7454034805297851,0.4841365814208984,0
0.7532524108886719,0.4841365814208984,0
0.7317329406738281,0.5013204574584961,0
0.7270923614501953,0.5013204574584961,0
0.7302429199218750,0.4939081192016601,0
0.7499164581298828,0.4939081192016601,0
0.7396516799926758,0.5102056503295899,0
0.7195529937744141,0.5102056503295899,0
0.7351146697998047,0.5016517639160156,0
0.7270780563354492,0.5016517639160156,0
0.7467235565185547,0.4858291625976562,0
0.7542108535766602,0.4858291625976562,0
0.7329385757446288,0.5028905868530273,0
0.7281337738037109,0.5028905868530273,0
0.7312929153442382,0.4952516555786133,0
0.7511587142944336,0.4952516555786133,0
0.7407932281494141,0.5117288589477539,0
0.7203140258789062,0.5117288589477539,0
0.7353086471557617,0.5032201766967773,0
0.7281681060791015,0.5032201766967773,0
0.7483737945556640,0.4866857528686523,0
0.7554851531982422,0.4866857528686523,0
0.7336154937744140,0.5042856216430663,0
0.7282281875610351,0.5042856216430663,0
0.7315692901611328,0.4956853866577148,0
0.7540752410888671,0.4956853866577148,0
0.7417716979980469,0.5132291793823242,0
0.7334959030151367,0.5132291793823242,0
0.7362001419067382,0.5045379638671875,0
0.7288135528564453,0.5045379638671875,0
0.7492315292358398,0.4877780914306640,0
0.7562736511230469,0.4877780914306640,0
0.7344606399536132,0.5054832458496094,0
0.7290292739868164,0.5054832458496094,0
0.7323411941528321,0.4968172073364258,0
0.7547882080078124,0.4968172073364258,0
0.7425298690795898,0.5140966415405274,0
0.7209417343139648,0.5140966415405274,0
0.7369588851928711,0.5055021286010742,0
0.7294904708862304,0.5055021286010742,0
0.7498941421508789,0.4887926101684570,0
0.7566576004028320,0.4887926101684570,0
0.7294824600219726,0.5062957763671875,0
0.7420543670654297,0.5062957763671875,0
0.7330507278442383,0.4980989456176758,0
0.7537971496582031,0.4980989456176758,0
0.7427610397338867,0.5145286560058594,0
0.7225067138671875,0.5145286560058594,0
0.7379899978637695,0.5061939239501952,0
0.7298664093017578,0.5061939239501952,0
0.7500274658203124,0.4892847061157226,0
0.7573797225952148,0.4892847061157226,0
0.7354425430297852,0.5066493988037110,0
0.7304466247558593,0.5066493988037110,0
0.7332750320434570,0.4981246948242187,0
0.7555360794067383,0.4981246948242187,0
0.7435249328613281,0.5153074264526367,0
0.7219722747802734,0.5153074264526367,0
0.7377805709838867,0.5069440841674805,0
0.7304763793945312,0.5069440841674805,0
0.7575479507446289,0.4899398803710937,0
0.7293663024902344,0.4899398803710937,0
0.7358093261718750,0.5075597763061523,0
0.7303928375244141,0.5075597763061523,0
0.7336933135986328,0.4987890243530273,0
0.7564384460449218,0.4987890243530273,0
0.7440273284912109,0.5162183761596679,0
0.7224803924560547,0.5162183761596679,0
0.7382852554321289,0.5079700469970703,0
0.7310594558715821,0.5079700469970703,0
0.7516307830810547,0.4907690048217773,0
0.7581647872924805,0.4907690048217773,0
0.7363265991210938,0.5083477020263671,0
0.7308832168579101,0.5083477020263671,0
0.7341442108154297,0.4993898391723632,0
0.7569511413574218,0.4993898391723632,0
0.7444782257080078,0.5166870117187500,0
0.7227195739746094,0.5166870117187500,0
0.7383859634399413,0.5081766128540038,0
0.7309404373168945,0.5081766128540038,0
0.7514333724975586,0.4902900695800781,0
0.7573934555053711,0.4902900695800781,0
0.7351890563964844,0.5064445495605469,0
0.7475166320800781,0.5086544036865234,0
0.7428531646728516,0.4726913452148437,0
0.7155853271484375,0.4876951217651367,0
0.7163434982299804,0.4699790954589844,0
0.6993026733398438,0.4776140213012695,0
0.7064918518066406,0.4557992935180664,0
0.7050001144409179,0.4951641082763671,0
0.7180744171142578,0.4800962448120117,0
0.7256830215454101,0.4826803207397461,0
0.7433326721191406,0.4667192459106445,0
0.7060031890869141,0.4745767593383789,0
0.7097648620605469,0.4735404968261718,0
0.7070274353027344,0.4640190124511718,0
0.7243320465087890,0.4808990478515625,0
0.7095909118652344,0.4649551391601562,0
0.7049137115478515,0.4730575561523437,0
0.7066331863403320,0.4763740539550781,0
0.7297307968139648,0.4635824203491211,0
0.6961870193481445,0.4811233520507812,0
0.7100000381469727,0.4738929748535156,0
0.7184183120727539,0.4574752807617187,0
0.7097202301025390,0.4794033050537109,0
0.7128496170043945,0.4821098327636719,0
0.7223167419433594,0.4725488662719726,0
0.7175697326660156,0.4820297241210937,0
0.7247097015380859,0.4662357330322265,0
0.7114419937133789,0.4850395202636719,0
0.7260704040527344,0.4907152175903320,0
0.7282161712646484,0.4954593658447266,0
0.7226823806762696,0.4886060714721679,0
0.7368976593017578,0.4683511734008789,0
0.7214984893798828,0.4886266708374023,0
0.7193744659423827,0.4798021316528320,0
0.7370000839233398,0.4973636627197265,0
0.7230794906616210,0.4819616317749023,0
0.7193555831909180,0.4909200668334961,0
0.7388219833374023,0.4951366424560547,0
0.7236797332763671,0.4919174194335937,0
0.7220163345336914,0.4838064193725586,0
0.7334707260131835,0.5020814895629883,0
0.7279100418090820,0.4954599380493164,0
0.7488452911376953,0.4785289764404297,0
0.7254449844360351,0.4967061996459960,0
0.7276828765869140,0.4882472991943359,0
0.7313678741455077,0.5007865905761718,0
0.7620700836181641,0.4906911849975586,0
0.7450613021850586,0.4994853973388672,0
0.7512908935546875,0.4900074005126953,0
0.7245088577270508,0.4998310089111328,0
0.7512199401855468,0.4911689758300781,0
0.7318496704101562,0.4934080123901367,0
0.7328687667846679,0.5019939422607421,0
0.7472047805786133,0.4840948104858398,0
0.7314903259277343,0.5018011093139648,0
0.7290636062622070,0.4927494049072265,0
0.7398633956909180,0.5102188110351562,0
0.7328115463256836,0.5029638290405273,0
0.7403966903686523,0.5032310485839844,0
0.7259239196777344,0.5065498352050781,0
0.7396865844726562,0.5083099365234375,0
0.7300271987915039,0.5065429687499999,0
0.7193035125732422,0.5115074157714844,0
0.7415605545043945,0.5044029235839843,0
0.7269029617309570,0.5079351425170898,0
0.7333248138427734,0.5096076965332031,0
0.7309061050415039,0.4953672409057617,0
0.7420000076293946,0.5129379272460938,0
0.7289697647094726,0.5056079864501953,0
0.7424823760986328,0.5058832168579102,0
0.7278785705566406,0.5091665267944335,0
0.7318227767944335,0.5335887908935547,0
0.7553363800048828,0.4978288650512695,0
0.7357080459594726,0.4984823226928711,0
0.7431043624877930,0.5069166183471679,0
0.7286407470703125,0.5100694656372070,0
0.7348937988281250,0.5065126419067383,0
0.7324573516845703,0.4973533630371094,0
0.7217073440551758,0.5147455215454101,0
0.7362556457519531,0.5073955535888671,0
0.7436393737792969,0.5075574874877929,0
0.7290367126464844,0.5106576919555664,0
0.7327737808227539,0.5122518539428711,0
0.7564762115478515,0.4993995666503906,0
0.7366647720336914,0.5152902603149414,0
0.7440433502197266,0.5016311645507813,0
0.7294326782226562,0.5113208770751952,0
0.7356222152709960,0.5129333496093750,0
0.7331274032592773,0.4986242294311523,0
0.7439214706420898,0.5159751892089843,0
0.7377330780029296,0.5086784362792969,0
0.7444198608398437,0.4908170700073242,0
0.7298583984375000,0.5120206832885742,0
0.7355604171752930,0.5134283065795898,0
0.7334896087646484,0.5111732482910156,0
0.7441165924072265,0.5159448623657227,0
0.7435026168823242,0.5004781723022461,0
0.7274648666381835,0.5245153427124023,0
0.7327274322509766,0.4828159332275390,0
0.7274677276611328,0.5272882461547851,0
0.7347118377685546,0.4862182617187500,0
0.7243789672851563,0.4893596649169922,0
0.7288845062255859,0.4663501739501953,0
0.7102535247802734,0.5014823913574219,0
0.7208793640136718,0.4601337432861328,0
0.7271009445190429,0.4681388854980468,0
0.7120948791503906,0.4767557144165039,0
0.7187873840332031,0.4570301055908203,0
0.7317443847656250,0.4570301055908203,0
0.7098775863647461,0.4740463256835937,0
0.7168087005615235,0.4740463256835937,0
0.7070194244384765,0.4643898010253906,0
0.7245002746582031,0.4643898010253906,0
0.7174427032470703,0.4811508178710937,0
0.7102695465087890,0.4811508178710937,0
0.7109212875366211,0.4734523773193359,0
0.7173980712890625,0.4734523773193359,0
0.7247920989990234,0.4554525375366211,0
0.7024858474731445,0.4554525375366211,0
0.7086198806762695,0.4725723266601562,0
0.7157770156860351,0.4725723266601562,0
0.7058807373046875,0.4631011962890625,0
0.7236373901367187,0.4631011962890625,0
0.7165849685668945,0.4801872253417969,0
0.7094764709472656,0.4801872253417969,0
0.7103027343750000,0.4727359771728515,0
0.7169981002807617,0.4663524627685547,0
0.7049423217773437,0.4551549911499023,0
0.7024898529052734,0.4763792037963867,0
0.7070028305053710,0.4729722976684570,0
0.7163423538208008,0.4548746109008789,0
0.7089294433593750,0.4643737792968750,0
0.7248275756835937,0.4658042907714843,0
0.7248275756835937,0.4827501296997070,0
0.7116434097290039,0.4835163116455078,0
0.7129858016967773,0.4767477035522460,0
0.7202527999877929,0.4713415145874023,0
0.7284639358520507,0.4608415603637695,0
0.7070789337158203,0.4608415603637695,0
0.7141239166259765,0.4802988052368164,0
0.7220998764038086,0.4802988052368164,0
0.7131494522094727,0.4730884552001953,0
0.7316677093505859,0.4730884552001953,0
0.7254478454589843,0.4921857833862304,0
0.7189001083374024,0.4921857833862304,0
0.7204101562499999,0.4862955093383789,0
0.7276365280151367,0.4805768966674804,0
0.7136764526367188,0.4697381973266601,0
0.7136764526367188,0.4914447784423828,0
0.7184806823730469,0.4881940841674804,0
0.7280267715454102,0.4936992645263671,0
0.7364542007446289,0.4809820175170898,0
0.7364542007446289,0.4923368453979492,0
0.7228065490722656,0.4976016998291015,0
0.7238542556762695,0.4904748916625976,0
0.7306818008422852,0.4904748916625976,0
0.7382520675659180,0.4731233596801758,0
0.7161043167114257,0.4731233596801758,0
0.7300483703613281,0.4909103393554687,0
0.7300483703613281,0.4958953857421875,0
0.7382080078125000,0.4944854736328125,0
0.7314050674438476,0.4944854736328125,0
0.7099079132080078,0.4843202590942383,0
0.7254472732543945,0.4938068389892578,0
0.7254472732543945,0.4924976348876953,0
0.7400590896606445,0.4753292083740234,0
0.7462228775024414,0.4753292083740234,0
0.7241580963134765,0.4935075759887695,0
0.7190952301025391,0.4935075759887695,0
0.7224649429321289,0.4848169326782226,0
0.7463155746459961,0.4974500656127929,0
0.7336841583251953,0.4865324020385742,0
0.7336841583251953,0.4874519348144531,0
0.7278831481933593,0.4972549438476562,0
0.7278831481933593,0.4965179443359375,0
0.7425264358520508,0.4763214111328125,0
0.7425264358520508,0.5004724502563477,0
0.7272216796875000,0.4870456695556640,0
0.7272216796875000,0.5025941848754882,0
0.7252492904663086,0.5262342453002929,0
0.7252492904663086,0.5012552261352539,0
0.7364593505859375,0.4905944824218750,0
0.7364593505859375,0.4911415100097656,0
0.7307350158691406,0.5008466720581054,0
0.7307350158691406,0.5001337051391601,0
0.7451408386230468,0.4825321197509765,0
0.7510620117187500,0.4903455734252929,0
0.7294601440429688,0.5004655838012695,0
0.7242622375488281,0.5057865142822265,0
0.7275547027587891,0.4917566299438476,0
0.7512983322143555,0.5042844772338867,0
0.7386262893676757,0.5095968246459961,0
0.7171800613403320,0.4938932418823242,0
0.7326616287231446,0.5034439086914062,0
0.7258953094482422,0.5027835845947265,0
0.7468185424804688,0.4849782943725586,0
0.7531551361083985,0.5063632965087891,0
0.7313816070556640,0.4925783157348633,0
0.7258935928344726,0.4937839508056641,0
0.7468872070312500,0.5062316894531250,0
0.7339181900024414,0.5048034667968749,0
0.7404727935791016,0.4863309860229492,0
0.7543699264526367,0.4863309860229492,0
0.7397043228149414,0.4856918334960937,0
0.7397043228149414,0.5092849731445312,0
0.7477912902832031,0.5074985504150390,0
0.7408847808837891,0.5074985504150390,0
0.7334140777587891,0.4964572906494140,0
0.7348737716674805,0.5058912277221680,0
0.7412687301635742,0.5053413391113281,0
0.7487680435180664,0.4848237991333008,0
0.7268875122070312,0.5085359573364258,0
0.7332435607910156,0.4949735641479492,0
0.7330375671386719,0.5102296829223633,0
0.7307487487792969,0.5337135314941406,0
0.7542079925537110,0.5082870483398437,0
0.7415382385253906,0.4971799850463867,0
0.7199369430541992,0.4975210189819336,0
0.7355152130126953,0.5067752838134766,0
0.7355152130126953,0.5062322616577148,0
0.7491680145263672,0.4859138488769531,0
0.7491680145263672,0.4883583068847656,0
0.7338729858398437,0.4959239959716797,0
0.7338729858398437,0.5059118270874023,0
0.7315446853637695,0.5344213485717774,0
0.7315446853637695,0.4969116210937500,0
0.7421722412109375,0.4982500076293945,0
0.7205080032348633,0.5145189285278320,0
0.7361497879028320,0.5073995590209961,0
0.7361497879028320,0.5063312530517577,0
0.7501379013061523,0.4866445541381836,0
0.7501379013061523,0.4891754150390625,0
0.7345350265502929,0.4969476699829101,0
0.7345350265502929,0.5068490982055663,0
0.7321626663208007,0.5119337081909180,0
0.7497344970703125,0.5102886199951172,0
0.7428010940551758,0.5102886199951172,0
0.7351221084594727,0.4992942810058594,0
0.7368249893188477,0.4992942810058594,0
0.7432033538818359,0.5079019546508788,0
0.7505784988403320,0.5079019546508788,0
0.7327239990234374,0.5115039825439452,0
0.7350557327270507,0.4977739334106445,0
0.7292169570922852,0.5124835968017578,0
0.7325826644897461,0.4982505798339844,0
0.7557535171508789,0.5104322433471680,0
0.7429058074951171,0.4991523742675781,0
0.7208490371704102,0.5151924133300781,0
0.7360982894897461,0.5071437835693359,0
0.7360982894897461,0.5058374404907227,0
0.7485574722290039,0.4840799331665039,0
0.7485574722290039,0.4866668701171875,0
0.7308649063110352,0.4905818939208984,0
0.7232070922851562,0.5039978027343750,0
0.7254014968872070,0.4875526428222656,0
0.7460638046264648,0.4974592208862305,0
0.7322593688964844,0.4825218200683594,0
0.7076917648315429,0.4808561325073242,0
0.7219573974609375,0.4868059158325195,0
0.7219573974609375,0.4843757629394531,0
0.7317981719970703,0.4617187500000000,0
0.7317981719970703,0.4687156677246094,0
0.7138034820556640,0.4789203643798828,0
0.7097551345825195,0.4678293228149414,0
0.7264566421508789,0.4678293228149414,0
0.7190488815307617,0.4841726303100586,0
0.7107027053833007,0.4841726303100586,0
0.7125125885009765,0.4749732971191406,0
0.7184469223022460,0.4749732971191406,0
0.7255634307861328,0.4571668624877929,0
0.7037796020507813,0.4571668624877929,0
0.7102558135986328,0.4748188018798828,0
0.7173145294189452,0.4563320159912109,0
0.7308168411254883,0.4656818389892578,0
0.7250192642211913,0.4663032531738281,0
0.7128347396850586,0.4828960418701171,0
0.7098197937011719,0.4829830169677734,0
0.7043832778930664,0.4744451522827148,0
0.7178163528442383,0.4680164337158203,0
0.7318468093872070,0.4572029113769531,0
0.7034900665283202,0.4942056655883789,0
0.7075630187988281,0.4746339797973633,0
0.7172544479370117,0.4795452117919922,0
0.7099582672119140,0.4654083251953125,0
0.7247932434082031,0.4779018402099609,0
0.7127471923828125,0.4829721450805664,0
0.7095943450927734,0.4830905914306640,0
0.7095943450927734,0.4743026733398437,0
0.7181585311889648,0.4681978225708008,0
0.7181585311889648,0.4578414916992187,0
0.7041400909423828,0.4578414916992187,0
0.7109619140625000,0.4760604858398437,0
0.7184892654418945,0.4760604858398437,0
0.7093580245971679,0.4682081222534180,0
0.7271312713623047,0.4682081222534180,0
0.7208106994628906,0.4873523712158203,0
0.7130842208862305,0.4873523712158203,0
0.7158044815063477,0.4804498672485351,0
0.7228397369384766,0.4753526687622070,0
0.7389610290527343,0.4656909942626953,0
0.7102466583251953,0.5040699005126953,0
0.7128747940063477,0.4852592468261718,0
0.7254833221435547,0.4679065704345703,0
0.7254833221435547,0.4780683517456055,0
0.7346792221069336,0.4798353195190430,0
0.7234640121459961,0.4966804504394531,0
0.7202156066894531,0.4980073928833008,0
0.7540117263793945,0.4893470764160156,0
0.7297216415405273,0.4837371826171875,0
0.7297216415405273,0.4737333297729492,0
0.7160133361816406,0.4737333297729492,0
0.7228803634643555,0.4917171478271484,0
0.7174507141113281,0.4917171478271484,0
0.7313650131225585,0.4844570159912109,0
0.7096384048461913,0.5009290695190429,0
0.7184183120727539,0.4919494628906250,0
0.7316762924194335,0.4932323455810547,0
0.7388614654541016,0.4976938247680664,0
0.7243555068969726,0.4983335494995117,0
0.7222635269165039,0.4974918365478516,0
0.7327657699584961,0.5027881622314453,0
0.7239578247070312,0.4941450119018554,0
0.7199678421020508,0.4941450119018554,0
0.7405803680419921,0.4782171249389648,0
0.7481941223144531,0.4782171249389648,0
0.7265338897705078,0.4964075088500977,0
0.7210893630981445,0.4964075088500977,0
0.7246559143066406,0.4881626129150390,0
0.7474966049194336,0.4881626129150390,0
0.7353847503662109,0.5064405441284180,0
0.7135940551757812,0.5064405441284180,0
0.7301296234130860,0.4976812362670898,0
0.7227567672729492,0.4976812362670898,0
0.7432439804077148,0.4818609237670898,0
0.7509189605712890,0.4818609237670898,0
0.7292009353637695,0.5000289916992188,0
0.7235481262207031,0.5000289916992188,0
0.7272846221923828,0.4916896820068359,0
0.7498117446899414,0.4916896820068359,0
0.7377771377563477,0.5098423004150391,0
0.7157363891601562,0.5098423004150391,0
0.7324281692504883,0.5006183624267578,0
0.7247966766357422,0.5006183624267578,0
0.7451562881469727,0.4846750259399414,0
0.7528570175170898,0.4846750259399414,0
0.7311401367187500,0.5025249481201172,0
0.7253654479980468,0.5025249481201172,0
0.7289594650268555,0.4939750671386718,0
0.7512800216674804,0.4939750671386718,0
0.7391950607299804,0.5118318557739258,0
0.7171016693115234,0.5118318557739258,0
0.7338741302490234,0.5023733139038086,0
0.7261396408081054,0.5023733139038086,0
0.7462800979614258,0.4863218307495117,0
0.7540546417236328,0.4863218307495117,0
0.7322599411010742,0.5040939331054687,0
0.7265556335449218,0.5040939331054687,0
0.7523935317993163,0.4954067230224609,0
0.7469547271728515,0.4954067230224609,0
0.7402582168579102,0.5132583618164063,0
0.7180847167968750,0.5132583618164063,0
0.7349121093750000,0.5034570693969727,0
0.7270849227905273,0.5034570693969727,0
0.7471452713012695,0.4876081466674804,0
0.7551074981689453,0.4876081466674804,0
0.7332172393798828,0.5052383422851562,0
0.7274986267089844,0.5052383422851562,0
0.7310657501220703,0.4965019226074219,0
0.7532392501831054,0.4965019226074219,0
0.7411285400390625,0.5144348144531250,0
0.7189161300659179,0.5144348144531250,0
0.7357223510742187,0.5044498443603516,0
0.7277967453002929,0.5044498443603516,0
0.7479595184326172,0.4886947631835937,0
0.7559371948242187,0.4886947631835937,0
0.7341276168823242,0.5063615798950195,0
0.7283941268920898,0.5063615798950195,0
0.7318222045898437,0.4976057052612304,0
0.7539590835571289,0.4976057052612304,0
0.7418706893920898,0.5154230117797851,0
0.7195878982543945,0.5154230117797851,0
0.7365732192993164,0.5053247451782227,0
0.7285749435424804,0.5053247451782227,0
0.7485586166381836,0.4896715164184570,0
0.7566072463989257,0.4896715164184570,0
0.7348091125488281,0.5073160171508789,0
0.7289411544799804,0.5073160171508789,0
0.7325391769409180,0.4985664367675781,0
0.7544963836669921,0.4985664367675781,0
0.7425218582153320,0.5164197921752930,0
0.7201417922973633,0.5164197921752930,0
0.7372140884399414,0.5061561584472656,0
0.7290699005126953,0.5061561584472656,0
0.7489814758300781,0.4904714584350586,0
0.7572418212890625,0.4904714584350586,0
0.7352045059204101,0.5078533172607421,0
0.7292655944824219,0.5078533172607421,0
0.7326187133789063,0.4985349655151367,0
0.7540443420410156,0.4985349655151367,0
0.7185905456542968,0.5152215957641602,0
0.7309936523437500,0.5152215957641602,0
0.7352537155151367,0.5028551101684570,0
0.7257654190063476,0.5028551101684570,0
0.7446825027465820,0.4841188430786132,0
0.7512325286865235,0.4841188430786132,0
0.7281406402587890,0.4972303390502930,0
0.7197618484497070,0.4972303390502930,0
0.7219024658203125,0.4828634262084961,0
0.7408121109008788,0.4828634262084961,0
0.7272891998291016,0.4950548171997070,0
0.7021785736083984,0.4950548171997070,0
0.7180269241333007,0.4796962738037109,0
0.7079406738281250,0.4796962738037109,0
0.7266460418701172,0.4610446929931640,0
0.7340446472167969,0.4610446929931640,0
0.7115089416503906,0.4764575958251953,0
0.7048536300659179,0.4764575958251953,0
0.7082015991210937,0.4663072586059570,0
0.7292564392089843,0.4663072586059570,0
0.7172853469848632,0.4834087371826172,0
0.6943834304809570,0.4834087371826172,0
0.7115295410156249,0.4721843719482421,0
0.7030654907226562,0.4721843719482421,0
0.7226291656494140,0.4566267013549805,0
0.7311218261718749,0.4566267013549805,0
0.7093082427978515,0.4738008499145507,0
0.7032852172851562,0.4738008499145507,0
0.7067499160766602,0.4646484375000000,0
0.7281898498535156,0.4646484375000000,0
0.7162765502929688,0.4821636199951171,0
0.6936172485351563,0.4821636199951171,0
0.7108280181884765,0.4710067749023437,0
0.7024801254272460,0.4710067749023437,0
0.7219379425048827,0.4556230545043945,0
0.7305164337158203,0.4556230545043945,0
0.7086776733398438,0.4727851867675781,0
0.7026723861694336,0.4727851867675781,0
0.7062795639038085,0.4638931274414062,0
0.7277120590209961,0.4638931274414062,0
0.6934341430664063,0.4818243026733398,0
0.7052581787109374,0.4818243026733398,0
0.7108680725097656,0.4709558486938477,0
0.7026065826416016,0.4709558486938477,0
0.7224964141845703,0.4565088272094726,0
0.7316219329833984,0.4565088272094726,0
0.7099061965942383,0.4746099472045898,0
0.7044994354248046,0.4746099472045898,0
0.7083909988403320,0.4668657302856445,0
0.7304740905761719,0.4668657302856445,0
0.7190883636474609,0.4864694595336914,0
0.6972307205200196,0.4864694595336914,0
0.7152643203735352,0.4770126342773438,0
0.7078811645507812,0.4770126342773438,0
0.7278264999389649,0.4641626358032226,0
0.7378887176513672,0.4641626358032226,0
0.7165300369262695,0.4835369110107421,0
0.7115364074707031,0.4835369110107421,0
0.7156723022460937,0.4765296936035156,0
0.7377313613891602,0.4765296936035156,0
0.7264497756958007,0.4960401535034180,0
0.7043523788452148,0.4960401535034180,0
0.7224260330200195,0.4858400344848632,0
0.7144271850585937,0.4858400344848632,0
0.7340772628784179,0.4721294403076172,0
0.7437120437622070,0.4721294403076172,0
0.7219036102294921,0.4902328491210937,0
0.7163097381591796,0.4902328491210937,0
0.7200462341308593,0.4819942474365234,0
0.7415319442749023,0.4819942474365234,0
0.7299768447875976,0.5003345489501952,0
0.7072975158691406,0.5003345489501952,0
0.7250335693359374,0.4891262054443359,0
0.7167303085327148,0.4891262054443359,0
0.7360908508300781,0.4748680114746093,0
0.7456747055053711,0.4748680114746093,0
0.7237861633300781,0.4924827575683594,0
0.7180423736572266,0.4924827575683594,0
0.7216386795043945,0.4842041015625000,0
0.7428674697875977,0.4842041015625000,0
0.7315715789794922,0.5026668548583985,0
0.7202241897583007,0.5026668548583985,0
0.7185619354248046,0.4915254592895508,0
0.7315761566162109,0.4915254592895508,0
0.7379728317260742,0.4776849746704102,0
0.7478221893310547,0.4776849746704102,0
0.7259262084960937,0.4955657958984375,0
0.7203111648559570,0.4955657958984375,0
0.7454252243041992,0.4875171661376953,0
0.7404041290283203,0.5006916046142578,0
0.7341138839721679,0.4881889343261718,0
0.7577310562133789,0.4881889343261718,0
0.7342346191406249,0.4982311248779296,0
0.7209125518798828,0.4982311248779296,0
0.7210367202758788,0.5045740127563476,0
0.7247526168823242,0.5045740127563476,0
0.7358293533325195,0.5038867950439453,0
0.7304569244384765,0.5038867950439453,0
0.7430500030517578,0.5043691635131836,0
0.7314811706542969,0.5043691635131836,0
0.7251617431640625,0.4915323257446289,0
0.7321775436401367,0.4993629455566406,0
0.7366476058959961,0.5014400482177734,0
0.7231018066406250,0.5014400482177734,0
0.7232505798339843,0.5076753616333007,0
0.7269573211669922,0.5076753616333007,0
0.7377960205078125,0.5063301086425781,0
0.7325740814208984,0.5063301086425781,0
0.7448833465576171,0.5067718505859374,0
0.7385747909545898,0.5067718505859374,0
0.7265499114990234,0.4936489105224609,0
0.7614658355712890,0.4936489105224609,0
0.7380701065063476,0.5033323287963867,0
0.7243080139160156,0.5033323287963867,0
0.7246055603027344,0.5093965530395508,0
0.7282493591308593,0.5093965530395508,0
0.7390428543090820,0.5079626083374024,0
0.7337940216064452,0.5079626083374024,0
0.7459402084350586,0.5082767486572265,0
0.7395280838012696,0.4960344314575195,0
0.7261156082153321,0.5015647888183593,0
0.7254890441894531,0.5236633300781249,0
0.7333482742309571,0.5092060089111328,0
0.7310119628906250,0.5094343185424804,0
0.7403881072998046,0.5147518157958985,0
0.7355083465576172,0.5023115158081054,0
0.7260795593261719,0.5247219085693359,0
0.7340045928955078,0.4874553680419922,0
0.7316139221191406,0.4975433349609375,0
0.7411989212036133,0.4969728469848633,0
0.7363574981689452,0.4886129379272461,0
0.7569156646728515,0.4900800704956054,0
0.7412904739379883,0.4881402969360351,0
0.7479852676391602,0.4984033584594726,0
0.7290710449218750,0.4978013992309570,0
0.7409837722778320,0.5074590682983399,0
0.7470657348632812,0.5134265899658202,0
0.7351587295532226,0.5104265213012695,0
0.7514688491821289,0.4973253250122070,0
0.7150766372680664,0.5133104324340820,0
0.7345161437988281,0.4980880737304687,0
0.7174312591552734,0.4988542556762695,0
0.7137811660766601,0.5133584976196289,0
0.7334587097167968,0.4711795806884765,0
0.7066183090209961,0.4740978240966797,0
0.7167537689208984,0.4664377212524414,0
0.7020893096923828,0.4924089431762695,0
0.7156053543090820,0.4769273757934570,0
0.7097700119018554,0.4770217895507812,0
0.6919212341308594,0.4629060745239257,0
0.7015508651733399,0.4636671066284179,0
0.7009592056274414,0.4729671478271484,0
0.7152746200561523,0.4641740798950195,0
0.7214967727661132,0.4768987655639648,0
0.7019227981567383,0.4626428604125976,0
0.7142406463623047,0.4721397399902343,0
0.7200233459472656,0.4783430099487305,0
0.7086158752441406,0.4722730636596679,0
0.7058395385742188,0.4633563995361328,0
0.6917633056640625,0.4815176010131836,0
0.7014753341674804,0.4685932159423828,0
0.7102769851684571,0.4746397018432617,0
0.7085838317871094,0.4674482345581055,0
0.7245311737060547,0.4873575210571289,0
0.7062858581542969,0.4690057754516601,0
0.7067253112792968,0.4811279296875000,0
0.7274963378906250,0.4898420333862304,0
0.7182065963745117,0.4848215103149414,0
0.7169008255004883,0.4779504776000976,0
0.7041807174682617,0.4975181579589844,0
0.7139162063598633,0.4851734161376953,0
0.7276119232177735,0.4896331787109375,0
0.7184326171875000,0.4913658142089843,0
0.7300249099731445,0.4833034515380859,0
0.7253351211547852,0.4962741851806640,0
0.7530241012573242,0.4825773239135742,0
0.7362676620483398,0.4765806198120117,0
0.7484956741333008,0.4869134902954101,0
0.7198047637939453,0.4945684432983398,0
0.7432033538818359,0.4865066528320312,0
0.7191873550415039,0.5067586898803711,0
0.7552791595458984,0.4867177963256836,0
0.7180835723876953,0.4966089248657226,0
0.7288490295410156,0.4904851913452148,0
0.7263833999633789,0.4901693344116211,0
0.7357183456420898,0.5089387893676758,0
0.7217365264892578,0.4955881118774414,0
0.7355037689208984,0.5003105163574219,0
0.7229112625122071,0.5191864013671875,0
0.7377965927124023,0.5048229217529296,0
0.7288312911987305,0.5065561294555664,0
0.7380632400512696,0.5121723175048828,0
0.7343925476074219,0.4984519958496094,0
0.7560682296752930,0.4872465133666992,0
0.7332916259765625,0.5069417953491211,0
0.7302263259887695,0.5337615966796875,0
0.7393959045410156,0.5138534545898438,0
0.7356874465942382,0.4998298645019531,0
0.7385965347290039,0.4888183593750000,0
0.7257179260253906,0.5115772247314453,0
0.7402450561523437,0.5081010818481445,0
0.7458166122436524,0.5095727920532226,0
0.7402215957641601,0.4951395034790039,0
0.7364164352416992,0.5009256362915039,0
0.7450412750244141,0.4900537490844726,0
0.7350385665893554,0.5064342498779296,0
0.7512205123901367,0.4979513168334961,0
0.7464918136596680,0.5104871749877929,0
0.7627595901489258,0.4960201263427734,0
0.7455562591552735,0.4902088165283203,0
0.7585309982299805,0.5000564575195312,0
0.7294120788574219,0.5073154449462890,0
0.7517011642456054,0.4988851547241211,0
0.7269178390502929,0.5183704376220702,0
0.7632259368896485,0.4972606658935547,0
0.7460975646972656,0.4912931442260742,0
0.7363025665283203,0.5011001586914062,0
0.7522287368774414,0.4998207092285156,0
0.7475051879882812,0.5177421569824219,0
0.7274208068847656,0.4977436065673828,0
0.7412864685058593,0.5082841873168945,0
0.7371105194091797,0.5020683288574218,0
0.7308317184448242,0.5384496688842774,0
0.7527425765991210,0.5007356643676758,0
0.7278551101684571,0.4985687255859375,0
0.7394119262695312,0.5090280532836914,0
0.7472162246704102,0.5025226593017578,0
0.7432640075683593,0.5006086349487304,0
0.7419204711914062,0.5173679351806640,0
0.7372335433959961,0.5015527725219726,0
0.7258701324462891,0.5004415512084961,0
0.7426906585693359,0.4860792160034180,0
0.7426906585693359,0.4872625350952148,0
0.7301656723022460,0.4984457015991210,0
0.7339805603027344,0.4984457015991210,0
0.7227928161621093,0.4843420028686523,0
0.7343868255615235,0.4843420028686523,0
0.7271089553833008,0.4966169357299804,0
0.7100194931030274,0.4966169357299804,0
0.7202653884887695,0.4774435043334961,0
0.7210607528686523,0.4774435043334961,0
0.7251594543457031,0.4648429870605468,0
0.7065719604492188,0.4787984848022461,0
0.7195135116577148,0.4692249298095703,0
0.7278779983520508,0.4692249298095703,0
0.7182449340820313,0.4864368438720703,0
0.7027061462402343,0.4864368438720703,0
0.7148231506347656,0.4710313796997070,0
0.7167554855346679,0.4710313796997070,0
0.7219505310058594,0.4612014770507812,0
0.7041469573974609,0.4612014770507812,0
0.7124771118164063,0.4764884948730468,0
0.7180400848388672,0.4764884948730468,0
0.7089122772216797,0.4676708221435547,0
0.7222658157348633,0.4676708221435547,0
0.7171445846557617,0.4851190567016601,0
0.7016613006591796,0.4851190567016601,0
0.7139585494995117,0.4696655273437500,0
0.7158193588256836,0.4696655273437500,0
0.7209972381591797,0.4601629257202148,0
0.7033864974975585,0.4601629257202148,0
0.7117916107177734,0.4755575180053710,0
0.7172950744628906,0.4755575180053710,0
0.7082496643066406,0.4668989181518555,0
0.7216598510742187,0.4668989181518555,0
0.7168516159057617,0.4848226547241211,0
0.7012996673583984,0.4848226547241211,0
0.7141485214233398,0.4697067260742187,0
0.7161603927612304,0.4697067260742187,0
0.7214733123779297,0.4610595703125000,0
0.7041458129882813,0.4610595703125000,0
0.7130516052246093,0.4773101806640625,0
0.7189018249511718,0.4773101806640625,0
0.7101734161376952,0.4699310302734375,0
0.7239658355712890,0.4699310302734375,0
0.7197847366333008,0.4892583847045898,0
0.7048553466796875,0.4892583847045898,0
0.7185293197631836,0.4759654998779297,0
0.7211151123046875,0.4759654998779297,0
0.7271947860717773,0.4693536758422852,0
0.7108251571655273,0.4693536758422852,0
0.7201475143432617,0.4870330810546875,0
0.7265539169311523,0.4870330810546875,0
0.7320642471313477,0.4803508758544922,0
0.7281051635742187,0.4803005218505859,0
0.7265470504760742,0.4922573089599609,0
0.7340669631958008,0.4779464721679687,0
0.7172304153442383,0.5005931854248047,0
0.7319240570068359,0.4959262847900390,0
0.7227012634277343,0.4959262847900390,0
0.7358716964721680,0.4986236572265625,0
0.7315412521362304,0.4986236572265625,0
0.7187078475952148,0.4892206192016602,0
0.7308946609497070,0.4840976715087890,0
6.0345703124999996,0.0000000000000000,0
0.0000000000000000,0.0000000000000000,0
